Title,Directors,Writers,Stars,Genre
The Shawshank Redemption,Frank Darabont,"Stephen King, Frank Darabont","Tim Robbins, Morgan Freeman, Bob Gunton","Epic, Period Drama, Prison Drama, Tragedy, Drama"
The Godfather,Francis Ford Coppola,"Mario Puzo, Francis Ford Coppola","Marlon Brando, Al Pacino, James Caan","Epic, Gangster, Tragedy, Crime, Drama"
The Dark Knight,Christopher Nolan,"Jonathan Nolan, Christopher Nolan, David S. Goyer","Christian Bale, Heath Ledger, Aaron Eckhart","Action Epic, Epic, Superhero, Action, Crime, Drama, Thriller"
The Godfather Part II,Francis Ford Coppola,"Francis Ford Coppola, Mario Puzo","Al Pacino, Robert De Niro, Robert Duvall","Epic, Gangster, Tragedy, Crime, Drama"
12 Angry Men,Sidney Lumet,Reginald Rose,"Henry Fonda, Lee J. Cobb, Martin Balsam","Legal Drama, Psychological Drama, Crime, Drama"
The Lord of the Rings: The Return of the King,Peter Jackson,"J.R.R. Tolkien, Fran Walsh, Philippa Boyens","Elijah Wood, Viggo Mortensen, Ian McKellen","Adventure Epic, Fantasy Epic, Mountain Adventure, Quest, Sword & Sorcery, Tragedy, Action, Adventure, Drama, Fantasy"
Schindler's List,Steven Spielberg,"Thomas Keneally, Steven Zaillian","Liam Neeson, Ralph Fiennes, Ben Kingsley","Epic, Historical Epic, Prison Drama, Biography, Drama, History"
Pulp Fiction,Quentin Tarantino,"Quentin Tarantino, Roger Avary","John Travolta, Uma Thurman, Samuel L. Jackson","Dark Comedy, Drug Crime, Gangster, Crime, Drama"
The Lord of the Rings: The Fellowship of the Ring,Peter Jackson,"J.R.R. Tolkien, Fran Walsh, Philippa Boyens","Elijah Wood, Ian McKellen, Orlando Bloom","Adventure Epic, Fantasy Epic, Quest, Sword & Sorcery, Action, Adventure, Drama, Fantasy"
"The Good, the Bad and the Ugly",Sergio Leone,"Luciano Vincenzoni, Sergio Leone, Agenore Incrocci","Clint Eastwood, Eli Wallach, Lee Van Cleef","Desert Adventure, Quest, Spaghetti Western, Western Epic, Adventure, Drama, Western"
Forrest Gump,Robert Zemeckis,"Winston Groom, Eric Roth","Tom Hanks, Robin Wright, Gary Sinise","Epic, Period Drama, Drama, Romance"
The Lord of the Rings: The Two Towers,Peter Jackson,"J.R.R. Tolkien, Fran Walsh, Philippa Boyens","Elijah Wood, Ian McKellen, Viggo Mortensen","Adventure Epic, Dark Fantasy, Fantasy Epic, Quest, Sword & Sorcery, Action, Adventure, Drama, Fantasy"
Fight Club,David Fincher,"Chuck Palahniuk, Jim Uhls","Brad Pitt, Edward Norton, Meat Loaf","Psychological Drama, Drama"
Inception,Christopher Nolan,Christopher Nolan,"Leonardo DiCaprio, Joseph Gordon-Levitt, Elliot Page","Action Epic, Adventure Epic, Psychological Thriller, Sci-Fi Epic, Action, Adventure, Sci-Fi, Thriller"
Star Wars: Episode V - The Empire Strikes Back,Irvin Kershner,"Leigh Brackett, Lawrence Kasdan, George Lucas","Mark Hamill, Harrison Ford, Carrie Fisher","Action Epic, Adventure Epic, Dark Fantasy, Fantasy Epic, Quest, Sci-Fi Epic, Space Sci-Fi, Sword & Sorcery, Action, Adventure"
The Matrix,"Lana Wachowski, Lilly Wachowski","Lilly Wachowski, Lana Wachowski","Keanu Reeves, Laurence Fishburne, Carrie-Anne Moss","Action Epic, Artificial Intelligence, Cyberpunk, Dystopian Sci-Fi, Gun Fu, Martial Arts, Sci-Fi Epic, Action, Sci-Fi"
Goodfellas,Martin Scorsese,"Nicholas Pileggi, Martin Scorsese","Robert De Niro, Ray Liotta, Joe Pesci","Gangster, True Crime, Biography, Crime, Drama"
One Flew Over the Cuckoo's Nest,Milos Forman,"Lawrence Hauben, Bo Goldman, Ken Kesey","Jack Nicholson, Louise Fletcher, Michael Berryman","Medical Drama, Psychological Drama, Drama"
Interstellar,Christopher Nolan,"Jonathan Nolan, Christopher Nolan","Matthew McConaughey, Anne Hathaway, Jessica Chastain","Adventure Epic, Quest, Sci-Fi Epic, Space Sci-Fi, Adventure, Drama, Sci-Fi"
Se7en,David Fincher,Andrew Kevin Walker,"Morgan Freeman, Brad Pitt, Kevin Spacey","Cop Drama, Hard-boiled Detective, Legal Drama, Police Procedural, Psychological Thriller, Serial Killer, Crime, Drama, Mystery, Thriller"
It's a Wonderful Life,Frank Capra,"Frances Goodrich, Albert Hackett, Frank Capra","James Stewart, Donna Reed, Lionel Barrymore","Feel-Good Romance, Holiday Family, Holiday Romance, Psychological Drama, Drama, Family, Fantasy, Holiday, Romance"
Seven Samurai,Akira Kurosawa,"Akira Kurosawa, Shinobu Hashimoto, Hideo Oguni","Toshirô Mifune, Takashi Shimura, Keiko Tsushima","Action Epic, Epic, Period Drama, Samurai, Action, Drama"
The Silence of the Lambs,Jonathan Demme,"Thomas Harris, Ted Tally","Jodie Foster, Anthony Hopkins, Scott Glenn","Police Procedural, Psychological Drama, Psychological Thriller, Serial Killer, Crime, Drama, Thriller"
Saving Private Ryan,Steven Spielberg,Robert Rodat,"Tom Hanks, Matt Damon, Tom Sizemore","Epic, Period Drama, War Epic, Drama, War"
City of God,"Fernando Meirelles, Kátia Lund","Paulo Lins, Bráulio Mantovani","Alexandre Rodrigues, Leandro Firmino, Matheus Nachtergaele","Coming-of-Age, Gangster, Crime, Drama"
Life Is Beautiful,Roberto Benigni,"Vincenzo Cerami, Roberto Benigni","Roberto Benigni, Nicoletta Braschi, Giorgio Cantarini","Period Drama, Tragedy, Tragic Romance, Comedy, Drama, Romance, War"
The Green Mile,Frank Darabont,"Stephen King, Frank Darabont","Tom Hanks, Michael Clarke Duncan, David Morse","Period Drama, Prison Drama, Tragedy, Crime, Drama, Fantasy, Mystery"
Terminator 2: Judgment Day,James Cameron,"James Cameron, William Wisher","Arnold Schwarzenegger, Linda Hamilton, Edward Furlong","Action Epic, Artificial Intelligence, Cyberpunk, Dystopian Sci-Fi, Sci-Fi Epic, Time Travel, Action, Adventure, Sci-Fi"
Star Wars: Episode IV - A New Hope,George Lucas,George Lucas,"Mark Hamill, Harrison Ford, Carrie Fisher","Action Epic, Adventure Epic, Fantasy Epic, Quest, Sci-Fi Epic, Space Sci-Fi, Sword & Sorcery, Action, Adventure, Fantasy"
Back to the Future,Robert Zemeckis,"Robert Zemeckis, Bob Gale","Michael J. Fox, Christopher Lloyd, Lea Thompson","High-Concept Comedy, Teen Adventure, Teen Comedy, Time Travel, Adventure, Comedy, Sci-Fi"
Spirited Away,Hayao Miyazaki,Hayao Miyazaki,"Daveigh Chase, Suzanne Pleshette, Miyu Irino","Anime, Coming-of-Age, Fairy Tale, Hand-Drawn Animation, Supernatural Fantasy, Adventure, Animation, Family, Fantasy, Mystery"
The Pianist,Roman Polanski,"Ronald Harwood, Wladyslaw Szpilman","Adrien Brody, Thomas Kretschmann, Frank Finlay","Docudrama, Epic, Period Drama, Tragedy, War Epic, Biography, Drama, Music, War"
Parasite,Bong Joon Ho,"Bong Joon Ho, Han Jin-won","Song Kang-ho, Lee Sun-kyun, Cho Yeo-jeong","Dark Comedy, Psychological Thriller, Drama, Thriller"
Psycho,Alfred Hitchcock,"Joseph Stefano, Robert Bloch","Anthony Perkins, Janet Leigh, Vera Miles","Psychological Horror, Psychological Thriller, Slasher Horror, Suspense Mystery, Horror, Mystery, Thriller"
Gladiator,Ridley Scott,"David Franzoni, John Logan, William Nicholson","Russell Crowe, Joaquin Phoenix, Connie Nielsen","Action Epic, Epic, Period Drama, Sword & Sandal, Action, Adventure, Drama"
The Lion King,"Roger Allers, Rob Minkoff","Irene Mecchi, Jonathan Roberts, Linda Woolverton","Matthew Broderick, Jeremy Irons, James Earl Jones","Animal Adventure, Coming-of-Age, Hand-Drawn Animation, Adventure, Animation, Drama, Family, Fantasy, Musical"
Spider-Man: Across the Spider-Verse,"Joaquim Dos Santos, Kemp Powers, Justin K. Thompson","Phil Lord, Christopher Miller, Dave Callaham","Shameik Moore, Hailee Steinfeld, Brian Tyree Henry","Computer Animation, Superhero, Supernatural Fantasy, Teen Adventure, Urban Adventure, Action, Adventure, Animation, Fantasy, Sci-Fi"
The Departed,Martin Scorsese,"William Monahan, Alan Mak, Felix Chong","Leonardo DiCaprio, Matt Damon, Jack Nicholson","Cop Drama, Gangster, Crime, Drama, Thriller"
Whiplash,Damien Chazelle,Damien Chazelle,"Miles Teller, J.K. Simmons, Melissa Benoist","Psychological Drama, Drama, Music"
American History X,Tony Kaye,David McKenna,"Edward Norton, Edward Furlong, Beverly D'Angelo","Prison Drama, Tragedy, Crime, Drama"
Léon: The Professional,Luc Besson,Luc Besson,"Jean Reno, Gary Oldman, Natalie Portman","Gangster, One-Person Army Action, Action, Crime, Drama, Thriller"
Grave of the Fireflies,Isao Takahata,"Akiyuki Nosaka, Isao Takahata","Tsutomu Tatsumi, Ayano Shiraishi, Akemi Yamaguchi","Adult Animation, Anime, Hand-Drawn Animation, Animation, Drama, War"
The Prestige,Christopher Nolan,"Jonathan Nolan, Christopher Nolan, Christopher Priest","Christian Bale, Hugh Jackman, Scarlett Johansson","Period Drama, Steampunk, Tragedy, Drama, Mystery, Sci-Fi, Thriller"
Harakiri,Masaki Kobayashi,"Yasuhiko Takiguchi, Shinobu Hashimoto","Tatsuya Nakadai, Akira Ishihama, Shima Iwashita","Period Drama, Samurai, Action, Drama, Mystery"
Dune: Part Two,Denis Villeneuve,"Denis Villeneuve, Jon Spaihts, Frank Herbert","Timothée Chalamet, Zendaya, Rebecca Ferguson","Action Epic, Desert Adventure, Epic, Sci-Fi Epic, Space Sci-Fi, Action, Adventure, Drama, Sci-Fi"
The Usual Suspects,Bryan Singer,Christopher McQuarrie,"Kevin Spacey, Gabriel Byrne, Chazz Palminteri","Gangster, Heist, Psychological Drama, Psychological Thriller, Suspense Mystery, Whodunnit, Crime, Drama, Mystery, Thriller"
Casablanca,Michael Curtiz,"Julius J. Epstein, Howard Koch, Murray Burnett","Humphrey Bogart, Ingrid Bergman, Paul Henreid","Drama, Romance, War"
The Intouchables,"Olivier Nakache, Éric Toledano","Olivier Nakache, Éric Toledano, Philippe Pozzo di Borgo","François Cluzet, Omar Sy, Anne Le Ny","Docudrama, Comedy, Drama"
Cinema Paradiso,Giuseppe Tornatore,"Giuseppe Tornatore, Vanna Paoli","Philippe Noiret, Enzo Cannavale, Antonella Attili","Coming-of-Age, Drama, Romance"
Modern Times,Charles Chaplin,Charles Chaplin,"Charles Chaplin, Paulette Goddard, Henry Bergman","Slapstick, Comedy, Drama, Romance"
Alien,Ridley Scott,"Dan O'Bannon, Ronald Shusett","Sigourney Weaver, Tom Skerritt, John Hurt","Cyberpunk, Monster Horror, Space Sci-Fi, Horror, Sci-Fi"
Rear Window,Alfred Hitchcock,"John Michael Hayes, Cornell Woolrich","James Stewart, Grace Kelly, Wendell Corey","Suspense Mystery, Mystery, Thriller"
Once Upon a Time in the West,Sergio Leone,"Sergio Donati, Sergio Leone, Dario Argento","Henry Fonda, Charles Bronson, Claudia Cardinale","Desert Adventure, Spaghetti Western, Western Epic, Drama, Western"
Django Unchained,Quentin Tarantino,Quentin Tarantino,"Jamie Foxx, Christoph Waltz, Leonardo DiCaprio","Dark Comedy, Period Drama, Western Epic, Comedy, Drama, Western"
City Lights,Charles Chaplin,"Charles Chaplin, Harry Carr, Harry Crocker","Charles Chaplin, Virginia Cherrill, Florence Lee","Feel-Good Romance, Romantic Comedy, Slapstick, Comedy, Drama, Romance"
Apocalypse Now,Francis Ford Coppola,"John Milius, Francis Ford Coppola, Michael Herr","Martin Sheen, Marlon Brando, Robert Duvall","Adventure Epic, Epic, Psychological Drama, Quest, War Epic, Drama, Mystery, War"
Memento,Christopher Nolan,"Christopher Nolan, Jonathan Nolan","Guy Pearce, Carrie-Anne Moss, Joe Pantoliano","Psychological Thriller, Suspense Mystery, Mystery, Thriller"
WALL·E,Andrew Stanton,"Andrew Stanton, Pete Docter, Jim Reardon","Ben Burtt, Elissa Knight, Jeff Garlin","Adventure Epic, Artificial Intelligence, Computer Animation, Dystopian Sci-Fi, Space Sci-Fi, Adventure, Animation, Family, Sci-Fi"
Raiders of the Lost Ark,Steven Spielberg,"Lawrence Kasdan, George Lucas, Philip Kaufman","Harrison Ford, Karen Allen, Paul Freeman","Adventure Epic, Desert Adventure, Globetrotting Adventure, Quest, Action, Adventure"
12th Fail,Vidhu Vinod Chopra,"Vidhu Vinod Chopra, Jaskunwar Kohli, Anurag Pathak","Vikrant Massey, Medha Shankr, Anant Joshi","Docudrama, Biography, Drama"
The Lives of Others,Florian Henckel von Donnersmarck,Florian Henckel von Donnersmarck,"Ulrich Mühe, Martina Gedeck, Sebastian Koch","Political Thriller, Spy, Drama, Mystery, Thriller"
Sunset Boulevard,Billy Wilder,"Charles Brackett, Billy Wilder, D.M. Marshman Jr.","William Holden, Gloria Swanson, Erich von Stroheim","Film Noir, Psychological Drama, Tragedy, Drama"
Avengers: Infinity War,"Anthony Russo, Joe Russo","Christopher Markus, Stephen McFeely, Stan Lee","Robert Downey Jr., Chris Hemsworth, Mark Ruffalo","Space Sci-Fi, Superhero, Action, Adventure, Sci-Fi"
Paths of Glory,Stanley Kubrick,"Stanley Kubrick, Calder Willingham, Jim Thompson","Kirk Douglas, Ralph Meeker, Adolphe Menjou","Drama, War"
Spider-Man: Into the Spider-Verse,"Bob Persichetti, Peter Ramsey, Rodney Rothman","Phil Lord, Rodney Rothman","Shameik Moore, Jake Johnson, Hailee Steinfeld","Computer Animation, Superhero, Supernatural Fantasy, Teen Adventure, Urban Adventure, Action, Adventure, Animation, Comedy, Family"
Witness for the Prosecution,Billy Wilder,"Agatha Christie, Billy Wilder, Harry Kurnitz","Tyrone Power, Marlene Dietrich, Charles Laughton","Legal Drama, Legal Thriller, Crime, Drama, Mystery, Thriller"
The Shining,Stanley Kubrick,"Stephen King, Stanley Kubrick, Diane Johnson","Jack Nicholson, Shelley Duvall, Danny Lloyd","Psychological Drama, Psychological Horror, Supernatural Horror, Drama, Horror"
The Great Dictator,Charles Chaplin,Charles Chaplin,"Charles Chaplin, Paulette Goddard, Jack Oakie","Parody, Satire, Slapstick, Comedy, Drama, War"
Aliens,James Cameron,"James Cameron, David Giler, Walter Hill","Sigourney Weaver, Michael Biehn, Carrie Henn","Alien Invasion, Cyberpunk, Space Sci-Fi, Action, Adventure, Sci-Fi, Thriller"
Inglourious Basterds,Quentin Tarantino,Quentin Tarantino,"Brad Pitt, Diane Kruger, Eli Roth","Dark Comedy, Adventure, Drama, War"
The Dark Knight Rises,Christopher Nolan,"Jonathan Nolan, Christopher Nolan, David S. Goyer","Christian Bale, Tom Hardy, Anne Hathaway","Action Epic, Epic, Superhero, Action, Drama, Thriller"
Coco,"Lee Unkrich, Adrian Molina","Lee Unkrich, Jason Katz, Matthew Aldrich","Anthony Gonzalez, Gael García Bernal, Benjamin Bratt","Computer Animation, Supernatural Fantasy, Adventure, Animation, Drama, Family, Fantasy, Music, Mystery"
Amadeus,Milos Forman,"Peter Shaffer, Zdenek Mahler","F. Murray Abraham, Tom Hulce, Elizabeth Berridge","Costume Drama, Period Drama, Tragedy, Biography, Drama, Music"
Toy Story,John Lasseter,"John Lasseter, Pete Docter, Andrew Stanton","Tom Hanks, Tim Allen, Don Rickles","Buddy Comedy, Computer Animation, Supernatural Fantasy, Urban Adventure, Adventure, Animation, Comedy, Family, Fantasy"
Dr. Strangelove or: How I Learned to Stop Worrying and Love the Bomb,Stanley Kubrick,"Stanley Kubrick, Terry Southern, Peter George","Peter Sellers, George C. Scott, Sterling Hayden","Dark Comedy, Political Drama, Satire, Comedy, War"
Oldboy,Park Chan-wook,"Garon Tsuchiya, Nobuaki Minegishi, Park Chan-wook","Choi Min-sik, Yoo Ji-tae, Kang Hye-jeong","One-Person Army Action, Psychological Thriller, Action, Drama, Mystery, Thriller"
American Beauty,Sam Mendes,Alan Ball,"Kevin Spacey, Annette Bening, Thora Birch","Psychological Drama, Tragedy, Drama"
Avengers: Endgame,"Anthony Russo, Joe Russo","Christopher Markus, Stephen McFeely, Stan Lee","Robert Downey Jr., Chris Evans, Mark Ruffalo","Space Sci-Fi, Superhero, Time Travel, Tragedy, Action, Adventure, Drama, Sci-Fi"
Das Boot,Wolfgang Petersen,"Wolfgang Petersen, Lothar G. Buchheim","Jürgen Prochnow, Herbert Grönemeyer, Klaus Wennemann","War Epic, Drama, War"
Braveheart,Mel Gibson,Randall Wallace,"Mel Gibson, Sophie Marceau, Patrick McGoohan","Costume Drama, Epic, Period Drama, War Epic, Biography, Drama, War"
Good Will Hunting,Gus Van Sant,"Matt Damon, Ben Affleck","Robin Williams, Matt Damon, Ben Affleck","Coming-of-Age, Psychological Drama, Drama, Romance"
Princess Mononoke,Hayao Miyazaki,"Hayao Miyazaki, Neil Gaiman","Yôji Matsuda, Yuriko Ishida, Yûko Tanaka","Action Epic, Adult Animation, Adventure Epic, Anime, Dark Fantasy, Fantasy Epic, Hand-Drawn Animation, Quest, Action, Adventure"
Joker,Todd Phillips,"Todd Phillips, Scott Silver, Bob Kane","Joaquin Phoenix, Robert De Niro, Zazie Beetz","Psychological Drama, Psychological Thriller, Tragedy, Crime, Drama, Thriller"
Your Name.,Makoto Shinkai,"Makoto Shinkai, Clark Cheng","Ryunosuke Kamiki, Mone Kamishiraishi, Ryo Narita","Anime, Shōjo, Animation, Drama, Fantasy, Romance"
High and Low,Akira Kurosawa,"Hideo Oguni, Ryûzô Kikushima, Eijirô Hisaita","Toshirô Mifune, Yutaka Sada, Tatsuya Nakadai","Police Procedural, Crime, Drama, Mystery, Thriller"
3 Idiots,Rajkumar Hirani,"Abhijat Joshi, Rajkumar Hirani, Vidhu Vinod Chopra","Aamir Khan, Madhavan, Mona Singh","Comedy, Drama"
Once Upon a Time in America,Sergio Leone,"Harry Grey, Leonardo Benvenuti, Piero De Bernardi","Robert De Niro, James Woods, Elizabeth McGovern","Dark Comedy, Epic, Gangster, Period Drama, Crime, Drama"
Singin' in the Rain,"Stanley Donen, Gene Kelly","Betty Comden, Adolph Green","Gene Kelly, Donald O'Connor, Debbie Reynolds","Classic Musical, Feel-Good Romance, Jukebox Musical, Romantic Comedy, Comedy, Musical, Romance"
Capernaum,Nadine Labaki,"Nadine Labaki, Jihad Hojeily, Michelle Keserwany","Zain Al Rafeea, Yordanos Shiferaw, Boluwatife Treasure Bankole",Drama
Come and See,Elem Klimov,"Ales Adamovich, Elem Klimov","Aleksey Kravchenko, Olga Mironova, Liubomiras Laucevicius","Epic, Period Drama, Tragedy, War Epic, Drama, Thriller, War"
Requiem for a Dream,Darren Aronofsky,"Hubert Selby Jr., Darren Aronofsky","Ellen Burstyn, Jared Leto, Jennifer Connelly","Psychological Drama, Tragedy, Drama"
Toy Story 3,Lee Unkrich,"John Lasseter, Andrew Stanton, Lee Unkrich","Tom Hanks, Tim Allen, Joan Cusack","Computer Animation, Supernatural Fantasy, Urban Adventure, Adventure, Animation, Comedy, Family, Fantasy"
Star Wars: Episode VI - Return of the Jedi,Richard Marquand,"Lawrence Kasdan, George Lucas","Mark Hamill, Harrison Ford, Carrie Fisher","Action Epic, Adventure Epic, Fantasy Epic, Sci-Fi Epic, Space Sci-Fi, Action, Adventure, Fantasy, Sci-Fi"
Eternal Sunshine of the Spotless Mind,Michel Gondry,"Charlie Kaufman, Michel Gondry, Pierre Bismuth","Jim Carrey, Kate Winslet, Tom Wilkinson","Dark Romance, Psychological Drama, Drama, Romance, Sci-Fi"
The Hunt,Thomas Vinterberg,"Thomas Vinterberg, Tobias Lindholm","Mads Mikkelsen, Thomas Bo Larsen, Annika Wedderkopp","Psychological Drama, Tragedy, Drama"
2001: A Space Odyssey,Stanley Kubrick,"Stanley Kubrick, Arthur C. Clarke","Keir Dullea, Gary Lockwood, William Sylvester","Adventure Epic, Artificial Intelligence, Sci-Fi Epic, Space Sci-Fi, Adventure, Sci-Fi"
Ikiru,Akira Kurosawa,"Akira Kurosawa, Shinobu Hashimoto, Hideo Oguni","Takashi Shimura, Nobuo Kaneko, Shin'ichi Himori","Psychological Drama, Tragedy, Drama"
Reservoir Dogs,Quentin Tarantino,"Quentin Tarantino, Roger Avary","Harvey Keitel, Tim Roth, Michael Madsen","Gangster, Heist, Crime, Thriller"
Lawrence of Arabia,David Lean,"Robert Bolt, Michael Wilson","Peter O'Toole, Alec Guinness, Anthony Quinn","Adventure Epic, Desert Adventure, War Epic, Adventure, Biography, Drama, War"
The Apartment,Billy Wilder,"Billy Wilder, I.A.L. Diamond","Jack Lemmon, Shirley MacLaine, Fred MacMurray","Holiday Comedy, Holiday Romance, Romantic Comedy, Comedy, Drama, Holiday, Romance"
Incendies,Denis Villeneuve,"Wajdi Mouawad, Denis Villeneuve, Valérie Beaugrand-Champagne","Lubna Azabal, Mélissa Désormeaux-Poulin, Maxim Gaudette","Suspense Mystery, Drama, Mystery, War"
North by Northwest,Alfred Hitchcock,"Ernest Lehman, Gerald Devriès","Cary Grant, Eva Marie Saint, James Mason","Spy, Action, Adventure, Mystery, Thriller"
Scarface,Brian De Palma,"Oliver Stone, Howard Hawks, Ben Hecht","Al Pacino, Michelle Pfeiffer, Steven Bauer","Drug Crime, Epic, Gangster, Tragedy, Crime, Drama"
Oppenheimer,Christopher Nolan,"Christopher Nolan, Kai Bird, Martin Sherwin","Cillian Murphy, Emily Blunt, Matt Damon","Docudrama, Epic, Historical Epic, Period Drama, Psychological Drama, Biography, Drama, History"
Citizen Kane,Orson Welles,"Herman J. Mankiewicz, Orson Welles, John Houseman","Orson Welles, Joseph Cotten, Dorothy Comingore","Epic, Drama, Mystery"
Double Indemnity,Billy Wilder,"Billy Wilder, Raymond Chandler, James M. Cain","Fred MacMurray, Barbara Stanwyck, Edward G. Robinson","Film Noir, Hard-boiled Detective, Crime, Drama, Mystery, Thriller"
M,Fritz Lang,"Thea von Harbou, Fritz Lang, Egon Jacobsohn","Peter Lorre, Ellen Widmann, Inge Landgut","Psychological Thriller, Serial Killer, Suspense Mystery, Crime, Mystery, Thriller"
Vertigo,Alfred Hitchcock,"Alec Coppel, Samuel A. Taylor, Pierre Boileau","James Stewart, Kim Novak, Barbara Bel Geddes","Psychological Thriller, Suspense Mystery, Mystery, Romance, Thriller"
Full Metal Jacket,Stanley Kubrick,"Stanley Kubrick, Michael Herr, Gustav Hasford","Matthew Modine, R. Lee Ermey, Vincent D'Onofrio","Period Drama, Drama, War"
Heat,Michael Mann,Michael Mann,"Al Pacino, Robert De Niro, Val Kilmer","Cop Drama, Epic, Gangster, Heist, Action, Crime, Drama"
Amélie,Jean-Pierre Jeunet,"Guillaume Laurant, Jean-Pierre Jeunet","Audrey Tautou, Mathieu Kassovitz, Rufus","Feel-Good Romance, Quirky Comedy, Romantic Comedy, Comedy, Romance"
Up,"Pete Docter, Bob Peterson","Pete Docter, Bob Peterson, Tom McCarthy","Edward Asner, Jordan Nagai, John Ratzenberger","Coming-of-Age, Computer Animation, Globetrotting Adventure, Adventure, Animation, Comedy, Drama, Family"
A Clockwork Orange,Stanley Kubrick,"Stanley Kubrick, Anthony Burgess","Malcolm McDowell, Patrick Magee, Michael Bates","Dark Comedy, Dystopian Sci-Fi, Crime, Sci-Fi"
To Kill a Mockingbird,Robert Mulligan,"Harper Lee, Horton Foote","Gregory Peck, John Megna, Frank Overton","Legal Drama, Crime, Drama"
A Separation,Asghar Farhadi,Asghar Farhadi,"Payman Maadi, Leila Hatami, Sareh Bayat",Drama
The Sting,George Roy Hill,David S. Ward,"Paul Newman, Robert Redford, Robert Shaw","Caper, Comedy, Crime, Drama"
Die Hard,John McTiernan,"Roderick Thorp, Jeb Stuart, Steven E. de Souza","Bruce Willis, Alan Rickman, Bonnie Bedelia","One-Person Army Action, Action, Holiday, Thriller"
Indiana Jones and the Last Crusade,Steven Spielberg,"Jeffrey Boam, George Lucas, Menno Meyjes","Harrison Ford, Sean Connery, Alison Doody","Adventure Epic, Desert Adventure, Globetrotting Adventure, Quest, Action, Adventure"
Like Stars on Earth,"Aamir Khan, Amole Gupte",Amole Gupte,"Darsheel Safary, Aamir Khan, Tisca Chopra","Drama, Family"
Metropolis,Fritz Lang,"Thea von Harbou, Fritz Lang","Brigitte Helm, Alfred Abel, Gustav Fröhlich","Dystopian Sci-Fi, Epic, Sci-Fi Epic, Steampunk, Drama, Sci-Fi"
Snatch,Guy Ritchie,Guy Ritchie,"Jason Statham, Brad Pitt, Stephen Graham","Caper, Dark Comedy, Gangster, Comedy, Crime"
1917,Sam Mendes,"Sam Mendes, Krysty Wilson-Cairns","Dean-Charles Chapman, George MacKay, Daniel Mays","Epic, Period Drama, War Epic, Action, Drama, History, War"
L.A. Confidential,Curtis Hanson,"James Ellroy, Brian Helgeland, Curtis Hanson","Kevin Spacey, Russell Crowe, Guy Pearce","Conspiracy Thriller, Cop Drama, Hard-boiled Detective, Police Procedural, Suspense Mystery, Whodunnit, Crime, Drama, Mystery, Thriller"
Bicycle Thieves,Vittorio De Sica,"Cesare Zavattini, Luigi Bartolini, Oreste Biancoli","Lamberto Maggiorani, Enzo Staiola, Lianella Carell","Tragedy, Drama"
Hamilton,Thomas Kail,"Lin-Manuel Miranda, Ron Chernow","Lin-Manuel Miranda, Phillipa Soo, Leslie Odom Jr.","Biography, Drama, History, Musical"
Downfall,Oliver Hirschbiegel,"Bernd Eichinger, Joachim Fest, Traudl Junge","Bruno Ganz, Alexandra Maria Lara, Ulrich Matthes","Docudrama, Political Drama, Biography, Drama, History, War"
Taxi Driver,Martin Scorsese,Paul Schrader,"Robert De Niro, Jodie Foster, Cybill Shepherd","Psychological Drama, Crime, Drama"
Dangal,Nitesh Tiwari,"Piyush Gupta, Shreyas Jain, Nikhil Mehrotra","Aamir Khan, Sakshi Tanwar, Fatima Sana Shaikh","Action, Biography, Drama, Sport"
Batman Begins,Christopher Nolan,"Bob Kane, David S. Goyer, Christopher Nolan","Christian Bale, Michael Caine, Ken Watanabe","Action Epic, Epic, Superhero, Tragedy, Action, Crime, Drama"
For a Few Dollars More,Sergio Leone,"Sergio Leone, Fulvio Morsella, Luciano Vincenzoni","Clint Eastwood, Lee Van Cleef, Gian Maria Volontè","One-Person Army Action, Spaghetti Western, Drama, Western"
The Wolf of Wall Street,Martin Scorsese,"Terence Winter, Jordan Belfort","Leonardo DiCaprio, Jonah Hill, Margot Robbie","Dark Comedy, Satire, True Crime, Biography, Comedy, Crime, Drama, Financial Drama"
Green Book,Peter Farrelly,"Nick Vallelonga, Brian Hayes Currie, Peter Farrelly","Viggo Mortensen, Mahershala Ali, Linda Cardellini","Docudrama, Period Drama, Road Trip, Biography, Comedy, Drama, Music"
Some Like It Hot,Billy Wilder,"Billy Wilder, I.A.L. Diamond, Robert Thoeren","Marilyn Monroe, Tony Curtis, Jack Lemmon","Buddy Comedy, Farce, Screwball Comedy, Comedy, Music, Romance"
The Kid,Charles Chaplin,Charles Chaplin,"Charles Chaplin, Edna Purviance, Jackie Coogan","Buddy Comedy, Slapstick, Comedy, Drama, Family"
The Truman Show,Peter Weir,Andrew Niccol,"Jim Carrey, Ed Harris, Laura Linney","High-Concept Comedy, Psychological Drama, Satire, Showbiz Drama, Comedy, Drama"
Judgment at Nuremberg,Stanley Kramer,"Abby Mann, Montgomery Clift, Charles Dorat","Spencer Tracy, Burt Lancaster, Richard Widmark","Drama, War"
The Father,Florian Zeller,"Christopher Hampton, Florian Zeller","Anthony Hopkins, Olivia Colman, Mark Gatiss","Psychological Drama, Drama, Mystery"
All About Eve,Joseph L. Mankiewicz,"Joseph L. Mankiewicz, Mary Orr","Bette Davis, Anne Baxter, George Sanders","Showbiz Drama, Drama"
Shutter Island,Martin Scorsese,"Laeta Kalogridis, Dennis Lehane","Leonardo DiCaprio, Emily Mortimer, Mark Ruffalo","Psychological Thriller, Suspense Mystery, Drama, Mystery, Thriller"
There Will Be Blood,Paul Thomas Anderson,"Paul Thomas Anderson, Upton Sinclair","Daniel Day-Lewis, Paul Dano, Ciarán Hinds","Epic, Period Drama, Psychological Drama, Tragedy, Drama"
Jurassic Park,Steven Spielberg,"Michael Crichton, David Koepp","Sam Neill, Laura Dern, Jeff Goldblum","Dinosaur Adventure, Jungle Adventure, Action, Adventure, Sci-Fi, Thriller"
Top Gun: Maverick,Joseph Kosinski,"Jim Cash, Jack Epps Jr., Peter Craig","Tom Cruise, Jennifer Connelly, Miles Teller","Action Epic, Epic, Action, Drama"
Casino,Martin Scorsese,"Nicholas Pileggi, Martin Scorsese","Robert De Niro, Sharon Stone, Joe Pesci","Docudrama, Epic, Gangster, True Crime, Crime, Drama"
The Sixth Sense,M. Night Shyamalan,M. Night Shyamalan,"Bruce Willis, Haley Joel Osment, Toni Collette","Psychological Drama, Psychological Thriller, Suspense Mystery, Drama, Mystery, Thriller"
Ran,Akira Kurosawa,"Akira Kurosawa, Hideo Oguni, Masato Ide","Tatsuya Nakadai, Akira Terao, Jinpachi Nezu","Samurai, Tragedy, War Epic, Action, Drama, War"
Pan's Labyrinth,Guillermo del Toro,Guillermo del Toro,"Ivana Baquero, Ariadna Gil, Sergi López","Coming-of-Age, Dark Fantasy, Fairy Tale, Period Drama, Supernatural Fantasy, Teen Fantasy, Tragedy, Drama, Fantasy, War"
Unforgiven,Clint Eastwood,David Webb Peoples,"Clint Eastwood, Gene Hackman, Morgan Freeman","Tragedy, Drama, Western"
No Country for Old Men,"Ethan Coen, Joel Coen","Joel Coen, Ethan Coen, Cormac McCarthy","Tommy Lee Jones, Javier Bardem, Josh Brolin","Contemporary Western, Serial Killer, Crime, Drama, Thriller"
The Thing,John Carpenter,"Bill Lancaster, John W. Campbell Jr.","Kurt Russell, Wilford Brimley, Keith David","Alien Invasion, Body Horror, Monster Horror, Supernatural Horror, Tragedy, Horror, Mystery, Sci-Fi"
A Beautiful Mind,Ron Howard,"Akiva Goldsman, Sylvia Nasar","Russell Crowe, Ed Harris, Jennifer Connelly","Docudrama, Period Drama, Psychological Drama, Biography, Drama, Mystery"
Kill Bill: Vol. 1,Quentin Tarantino,"Quentin Tarantino, Uma Thurman","Uma Thurman, David Carradine, Daryl Hannah","Martial Arts, One-Person Army Action, Action, Crime, Thriller"
The Treasure of the Sierra Madre,John Huston,"John Huston, B. Traven","Humphrey Bogart, Walter Huston, Tim Holt","Tragedy, Adventure, Drama, Western"
Yojimbo,Akira Kurosawa,"Akira Kurosawa, Ryûzô Kikushima","Toshirô Mifune, Eijirô Tôno, Tatsuya Nakadai","One-Person Army Action, Period Drama, Samurai, Action, Drama, Thriller"
The Great Escape,John Sturges,"Paul Brickhill, James Clavell, W.R. Burnett","Steve McQueen, James Garner, Richard Attenborough","Period Drama, Prison Drama, War Epic, Adventure, Drama, Thriller, War"
Monty Python and the Holy Grail,"Terry Gilliam, Terry Jones","Graham Chapman, John Cleese, Eric Idle","Graham Chapman, John Cleese, Eric Idle","Parody, Quest, Sketch Comedy, Slapstick, Sword & Sorcery, Adventure, Comedy, Fantasy"
Finding Nemo,"Andrew Stanton, Lee Unkrich","Andrew Stanton, Bob Peterson, David Reynolds","Albert Brooks, Ellen DeGeneres, Alexander Gould","Animal Adventure, Buddy Comedy, Computer Animation, Quest, Sea Adventure, Adventure, Animation, Comedy, Family"
Prisoners,Denis Villeneuve,Aaron Guzikowski,"Hugh Jackman, Jake Gyllenhaal, Viola Davis","Psychological Thriller, Suspense Mystery, Crime, Drama, Mystery, Thriller"
Howl's Moving Castle,Hayao Miyazaki,"Hayao Miyazaki, Diana Wynne Jones","Chieko Baishô, Takuya Kimura, Tatsuya Gashûin","Adventure Epic, Anime, Hand-Drawn Animation, Supernatural Fantasy, Adventure, Animation, Family, Fantasy"
The Elephant Man,David Lynch,"Christopher De Vore, Eric Bergren, David Lynch","Anthony Hopkins, John Hurt, Anne Bancroft","Docudrama, Period Drama, Tragedy, Biography, Drama"
Rashomon,Akira Kurosawa,"Ryûnosuke Akutagawa, Akira Kurosawa, Shinobu Hashimoto","Toshirô Mifune, Machiko Kyô, Masayuki Mori","Crime, Drama, Mystery"
Dial M for Murder,Alfred Hitchcock,"Frederick Knott, Charles Dorat","Ray Milland, Grace Kelly, Robert Cummings","Crime, Thriller"
Chinatown,Roman Polanski,"Robert Towne, Roman Polanski","Jack Nicholson, Faye Dunaway, John Huston","Conspiracy Thriller, Hard-boiled Detective, Psychological Drama, Psychological Thriller, Tragedy, Drama, Mystery, Thriller"
Gone with the Wind,"Victor Fleming, George Cukor, Sam Wood","Margaret Mitchell, Sidney Howard, Oliver H.P. Garrett","Clark Gable, Vivien Leigh, Thomas Mitchell","Epic, Romantic Epic, Tragic Romance, War Epic, Drama, Romance, War"
The Secret in Their Eyes,Juan José Campanella,"Eduardo Sacheri, Juan José Campanella","Ricardo Darín, Soledad Villamil, Pablo Rago","Dark Romance, Erotic Thriller, Legal Thriller, Period Drama, Psychological Drama, Psychological Thriller, Suspense Mystery, Tragedy, Whodunnit, Drama"
"Lock, Stock and Two Smoking Barrels",Guy Ritchie,Guy Ritchie,"Jason Flemyng, Dexter Fletcher, Nick Moran","Farce, Action, Comedy, Crime"
V for Vendetta,James McTeigue,"Lilly Wachowski, Lana Wachowski, David Lloyd","Hugo Weaving, Natalie Portman, Rupert Graves","Dystopian Sci-Fi, Political Thriller, Superhero, Action, Drama, Sci-Fi, Thriller"
Inside Out,"Pete Docter, Ronnie Del Carmen","Pete Docter, Ronnie Del Carmen, Meg LeFauve","Amy Poehler, Bill Hader, Lewis Black","Coming-of-Age, Computer Animation, Adventure, Animation, Comedy, Drama, Family, Fantasy"
"Three Billboards Outside Ebbing, Missouri",Martin McDonagh,Martin McDonagh,"Frances McDormand, Woody Harrelson, Sam Rockwell","Dark Comedy, Satire, Comedy, Crime, Drama"
Raging Bull,Martin Scorsese,"Jake LaMotta, Joseph Carter, Peter Savage","Robert De Niro, Cathy Moriarty, Joe Pesci","Boxing, Biography, Drama, Sport"
Trainspotting,Danny Boyle,"Irvine Welsh, John Hodge","Ewan McGregor, Ewen Bremner, Jonny Lee Miller","Dark Comedy, Psychological Drama, Drama"
The Bridge on the River Kwai,David Lean,"Pierre Boulle, Carl Foreman, Michael Wilson","William Holden, Alec Guinness, Jack Hawkins","Jungle Adventure, War Epic, Adventure, Drama, War"
Klaus,"Sergio Pablos, Carlos Martínez López","Sergio Pablos, Jim Mahoney, Zach Lewis","Jason Schwartzman, J.K. Simmons, Rashida Jones","Hand-Drawn Animation, Holiday Animation, Holiday Comedy, Holiday Family, Adventure, Animation, Comedy, Family, Fantasy, Holiday"
Catch Me If You Can,Steven Spielberg,"Frank Abagnale Jr., Stan Redding, Jeff Nathanson","Leonardo DiCaprio, Tom Hanks, Christopher Walken","Caper, Coming-of-Age, Docudrama, Period Drama, True Crime, Biography, Crime, Drama"
Fargo,"Joel Coen, Ethan Coen","Ethan Coen, Joel Coen","William H. Macy, Frances McDormand, Steve Buscemi","Cop Drama, Dark Comedy, Police Procedural, Tragedy, Crime, Thriller"
Warrior,Gavin O'Connor,"Gavin O'Connor, Anthony Tambakis, Cliff Dorfman","Tom Hardy, Nick Nolte, Joel Edgerton","Boxing, Action, Drama, Sport"
Spider-Man: No Way Home,Jon Watts,"Chris McKenna, Erik Sommers, Stan Lee","Tom Holland, Zendaya, Benedict Cumberbatch","Superhero, Supernatural Fantasy, Urban Adventure, Action, Adventure, Fantasy, Sci-Fi"
Gran Torino,Clint Eastwood,"Nick Schenk, Dave Johannson","Clint Eastwood, Bee Vang, Christopher Carley",Drama
Harry Potter and the Deathly Hallows: Part 2,David Yates,"Steve Kloves, J.K. Rowling","Daniel Radcliffe, Emma Watson, Rupert Grint","Dark Fantasy, Teen Adventure, Teen Fantasy, Adventure, Family, Fantasy, Mystery"
Million Dollar Baby,Clint Eastwood,"Paul Haggis, F.X. Toole","Hilary Swank, Clint Eastwood, Morgan Freeman","Boxing, Tragedy, Drama, Sport"
My Neighbor Totoro,Hayao Miyazaki,Hayao Miyazaki,"Hitoshi Takagi, Noriko Hidaka, Chika Sakamoto","Anime, Hand-Drawn Animation, Iyashikei, Animation, Comedy, Family, Fantasy"
Mad Max: Fury Road,George Miller,"George Miller, Brendan McCarthy, Nick Lathouris","Tom Hardy, Charlize Theron, Nicholas Hoult","Action Epic, Adventure Epic, Car Action, Desert Adventure, Dystopian Sci-Fi, Quest, Road Trip, Action, Adventure, Sci-Fi"
Children of Heaven,Majid Majidi,Majid Majidi,"Mohammad Amir Naji, Amir Farrokh Hashemian, Bahare Seddiqi","Drama, Family, Sport"
Ben-Hur,William Wyler,"Lew Wallace, Karl Tunberg, Gore Vidal","Charlton Heston, Jack Hawkins, Stephen Boyd","Adventure Epic, Epic, Sword & Sandal, Adventure, Drama"
12 Years a Slave,Steve McQueen,"John Ridley, Solomon Northup","Chiwetel Ejiofor, Michael Kenneth Williams, Michael Fassbender","Epic, Biography, Drama, History"
Before Sunrise,Richard Linklater,"Richard Linklater, Kim Krizan","Ethan Hawke, Julie Delpy, Andrea Eckert","Drama, Romance"
Barry Lyndon,Stanley Kubrick,"Stanley Kubrick, William Makepeace Thackeray","Ryan O'Neal, Marisa Berenson, Patrick Magee","Adventure, Drama, War"
Blade Runner,Ridley Scott,"Hampton Fancher, David Webb Peoples, Philip K. Dick","Harrison Ford, Rutger Hauer, Sean Young","Artificial Intelligence, Cyber Thriller, Cyberpunk, Dystopian Sci-Fi, Action, Drama, Sci-Fi, Thriller"
The Grand Budapest Hotel,Wes Anderson,"Stefan Zweig, Wes Anderson, Hugo Guinness","Ralph Fiennes, F. Murray Abraham, Mathieu Amalric","Caper, Quirky Comedy, Adventure, Comedy, Crime"
Hacksaw Ridge,Mel Gibson,"Robert Schenkkan, Andrew Knight","Andrew Garfield, Sam Worthington, Luke Bracey","Period Drama, Biography, Drama, History, War"
Gone Girl,David Fincher,Gillian Flynn,"Ben Affleck, Rosamund Pike, Neil Patrick Harris","Erotic Thriller, Psychological Drama, Psychological Thriller, Suspense Mystery, Tragedy, Drama, Mystery, Thriller"
Dead Poets Society,Peter Weir,Tom Schulman,"Robin Williams, Robert Sean Leonard, Ethan Hawke","Coming-of-Age, Teen Drama, Comedy, Drama"
Maharaja,Nithilan Saminathan,Nithilan Saminathan,"Vijay Sethupathi, Anurag Kashyap, Mamta Mohandas","Action, Crime, Drama, Thriller"
Memories of Murder,Bong Joon Ho,"Bong Joon Ho, Kwang-rim Kim, Sung-bo Shim","Song Kang-ho, Kim Sang-kyung, Kim Roe-ha","Police Procedural, Serial Killer, True Crime, Crime, Drama, Mystery, Thriller"
In the Name of the Father,Jim Sheridan,"Gerry Conlon, Terry George, Jim Sheridan","Daniel Day-Lewis, Pete Postlethwaite, Alison Crosbie","Docudrama, Legal Drama, Period Drama, Prison Drama, Tragedy, True Crime, Biography, Crime, Drama"
The Gold Rush,Charles Chaplin,Charles Chaplin,"Charles Chaplin, Mack Swain, Tom Murray","Farce, Feel-Good Romance, Romantic Comedy, Slapstick, Adventure, Comedy, Drama, Romance, Western"
"Monsters, Inc.","Pete Docter, David Silverman, Lee Unkrich","Pete Docter, Jill Culton, Jeff Pidgeon","Billy Crystal, John Goodman, Mary Gibbs","Buddy Comedy, Computer Animation, Supernatural Fantasy, Urban Adventure, Adventure, Animation, Comedy, Family, Fantasy"
Wild Tales,Damián Szifron,"Julian Loyola, Damián Szifron, Germán Servidio","Darío Grandinetti, María Marull, Mónica Villa","Dark Comedy, Comedy, Drama, Thriller"
The Deer Hunter,Michael Cimino,"Michael Cimino, Deric Washburn, Louis Garfinkle","Robert De Niro, Christopher Walken, John Cazale","War Epic, Drama, War"
The General,"Clyde Bruckman, Buster Keaton","Buster Keaton, Clyde Bruckman, Al Boasberg","Buster Keaton, Marion Mack, Glen Cavender","Farce, Slapstick, Action, Adventure, Comedy, Drama, War"
Sherlock Jr.,Buster Keaton,"Jean C. Havez, Joseph A. Mitchell, Clyde Bruckman","Buster Keaton, Kathryn McGuire, Joe Keaton","Bumbling Detective, Farce, Feel-Good Romance, Romantic Comedy, Slapstick, Action, Comedy, Romance"
Jaws,Steven Spielberg,"Peter Benchley, Carl Gottlieb","Roy Scheider, Robert Shaw, Richard Dreyfuss","Sea Adventure, Survival, Adventure, Drama, Thriller"
Ratatouille,"Brad Bird, Jan Pinkava","Brad Bird, Jan Pinkava, Jim Capobianco","Brad Garrett, Lou Romano, Patton Oswalt","Animal Adventure, Computer Animation, Adventure, Animation, Comedy, Family, Fantasy"
How to Train Your Dragon,"Dean DeBlois, Chris Sanders","William Davies, Dean DeBlois, Chris Sanders","Jay Baruchel, Gerard Butler, Christopher Mintz-Plasse","Computer Animation, Sword & Sorcery, Teen Fantasy, Action, Adventure, Animation, Family, Fantasy"
On the Waterfront,Elia Kazan,"Budd Schulberg, Malcolm Johnson, Robert Siodmak","Marlon Brando, Karl Malden, Lee J. Cobb","Crime, Drama, Thriller"
Mary and Max,Adam Elliot,Adam Elliot,"Toni Collette, Philip Seymour Hoffman, Eric Bana","Adult Animation, Dark Comedy, Stop Motion Animation, Animation, Comedy, Drama"
The Wages of Fear,Henri-Georges Clouzot,"Georges Arnaud, Henri-Georges Clouzot, Jérôme Géronimi","Yves Montand, Charles Vanel, Peter van Eyck","Psychological Drama, Survival, Adventure, Drama, Thriller"
Wild Strawberries,Ingmar Bergman,"Ingmar Bergman, Louis Sauvat","Victor Sjöström, Bibi Andersson, Ingrid Thulin","Psychological Drama, Drama, Romance"
Ford v Ferrari,James Mangold,"Jez Butterworth, John-Henry Butterworth, Jason Keller","Matt Damon, Christian Bale, Jon Bernthal","Docudrama, Motorsport, Action, Biography, Drama, Sport"
The Third Man,Carol Reed,"Graham Greene, Orson Welles, Alexander Korda","Orson Welles, Joseph Cotten, Alida Valli","Film Noir, Hard-boiled Detective, Whodunnit, Mystery, Thriller"
Mr. Smith Goes to Washington,Frank Capra,"Sidney Buchman, Lewis R. Foster, Myles Connolly","James Stewart, Jean Arthur, Claude Rains","Political Drama, Comedy, Drama"
Logan,James Mangold,"James Mangold, Scott Frank, Michael Green","Hugh Jackman, Patrick Stewart, Dafne Keen","Dystopian Sci-Fi, Road Trip, Superhero, Action, Drama, Sci-Fi, Thriller"
Tokyo Story,Yasujirô Ozu,"Kôgo Noda, Yasujirô Ozu","Chishû Ryû, Chieko Higashiyama, Sô Yamamura","Psychological Drama, Drama"
Rocky,John G. Avildsen,Sylvester Stallone,"Sylvester Stallone, Talia Shire, Burt Young","Boxing, Drama, Sport"
The Big Lebowski,"Joel Coen, Ethan Coen","Ethan Coen, Joel Coen","Jeff Bridges, John Goodman, Julianne Moore","Satire, Stoner Comedy, Comedy, Crime"
The Seventh Seal,Ingmar Bergman,Ingmar Bergman,"Max von Sydow, Gunnar Björnstrand, Bengt Ekerot","Psychological Drama, Drama, Fantasy"
Room,Lenny Abrahamson,Emma Donoghue,"Brie Larson, Jacob Tremblay, Sean Bridgers","Psychological Drama, Drama, Thriller"
Spotlight,Tom McCarthy,"Josh Singer, Tom McCarthy","Mark Ruffalo, Michael Keaton, Rachel McAdams","Docudrama, Legal Drama, Period Drama, True Crime, Workplace Drama, Biography, Crime, Drama"
The Terminator,James Cameron,"James Cameron, Gale Anne Hurd, William Wisher","Arnold Schwarzenegger, Linda Hamilton, Michael Biehn","Artificial Intelligence, Cyberpunk, Dystopian Sci-Fi, Time Travel, Action, Adventure, Sci-Fi"
Hotel Rwanda,Terry George,"Keir Pearson, Terry George","Don Cheadle, Sophie Okonedo, Joaquin Phoenix","Docudrama, Biography, Drama, History, War"
Platoon,Oliver Stone,Oliver Stone,"Charlie Sheen, Tom Berenger, Willem Dafoe","Drama, War"
La haine,Mathieu Kassovitz,Mathieu Kassovitz,"Vincent Cassel, Hubert Koundé, Saïd Taghmaoui","Gangster, Psychological Drama, Crime, Drama"
Pirates of the Caribbean: The Curse of the Black Pearl,Gore Verbinski,"Ted Elliott, Terry Rossio, Stuart Beattie","Johnny Depp, Geoffrey Rush, Orlando Bloom","Sea Adventure, Supernatural Fantasy, Swashbuckler, Sword & Sandal, Action, Adventure, Fantasy"
Before Sunset,Richard Linklater,"Richard Linklater, Julie Delpy, Ethan Hawke","Ethan Hawke, Julie Delpy, Vernon Dobtcheff","Drama, Romance"
The Passion of Joan of Arc,Carl Theodor Dreyer,"Joseph Delteil, Carl Theodor Dreyer","Maria Falconetti, Eugene Silvain, André Berley","Legal Drama, Period Drama, Psychological Drama, Tragedy, Biography, Drama, History"
Jai Bhim,T.J. Gnanavel,"T.J. Gnanavel, Rajendra Sapre","Suriya, Lijo Mol Jose, Manikandan K.","Crime, Drama, Mystery"
The Best Years of Our Lives,William Wyler,"Robert E. Sherwood, MacKinlay Kantor","Myrna Loy, Dana Andrews, Fredric March","Epic, Feel-Good Romance, Drama, Romance, War"
The Exorcist,William Friedkin,William Peter Blatty,"Ellen Burstyn, Max von Sydow, Linda Blair","Supernatural Horror, Horror"
Rush,Ron Howard,Peter Morgan,"Daniel Brühl, Chris Hemsworth, Olivia Wilde","Docudrama, Motorsport, Action, Biography, Drama, Sport"
The Incredibles,Brad Bird,Brad Bird,"Craig T. Nelson, Samuel L. Jackson, Holly Hunter","Computer Animation, Superhero, Urban Adventure, Action, Adventure, Animation, Family"
The Wizard of Oz,"Victor Fleming, King Vidor","Noel Langley, Florence Ryerson, Edgar Allan Woolf","Judy Garland, Frank Morgan, Ray Bolger","Classic Musical, Fairy Tale, Fantasy Epic, Quest, Adventure, Family, Fantasy, Musical"
Network,Sidney Lumet,Paddy Chayefsky,"Faye Dunaway, William Holden, Peter Finch","Workplace Drama, Drama"
Stand by Me,Rob Reiner,"Stephen King, Raynold Gideon, Bruce A. Evans","Wil Wheaton, River Phoenix, Corey Feldman","Coming-of-Age, Adventure, Comedy, Drama"
Hachi: A Dog's Tale,Lasse Hallström,"Stephen P. Lindsey, Kaneto Shindô","Richard Gere, Joan Allen, Cary-Hiroyuki Tagawa","Animal Adventure, Biography, Drama, Family"
The Sound of Music,Robert Wise,"Georg Hurdalek, Howard Lindsay, Russel Crouse","Julie Andrews, Christopher Plummer, Eleanor Parker","Classic Musical, Biography, Drama, Family, Musical, Romance"
My Father and My Son,Çagan Irmak,Çagan Irmak,"Çetin Tekindor, Fikret Kuskan, Hümeyra","Drama, Family"
The Handmaiden,Park Chan-wook,"Sarah Waters, Chung Seo-kyung, Park Chan-wook","Kim Min-hee, Ha Jung-woo, Cho Jin-woong","Dark Romance, Erotic Thriller, Psychological Thriller, Steamy Romance, Drama, Romance, Thriller"
To Be or Not to Be,Ernst Lubitsch,"Melchior Lengyel, Edwin Justus Mayer, Ernst Lubitsch","Carole Lombard, Jack Benny, Robert Stack","Screwball Comedy, Comedy, Romance, War"
Into the Wild,Sean Penn,"Sean Penn, Jon Krakauer","Emile Hirsch, Vince Vaughn, Catherine Keener","Coming-of-Age, Docudrama, Road Trip, Survival, Tragedy, Adventure, Biography, Drama"
The Battle of Algiers,Gillo Pontecorvo,"Franco Solinas, Gillo Pontecorvo","Brahim Hadjadj, Jean Martin, Yacef Saadi","Docudrama, Political Drama, Drama, War"
The Grapes of Wrath,John Ford,"Nunnally Johnson, John Steinbeck","Henry Fonda, Jane Darwell, John Carradine",Drama
Groundhog Day,Harold Ramis,"Danny Rubin, Harold Ramis","Bill Murray, Andie MacDowell, Chris Elliott","Feel-Good Romance, High-Concept Comedy, Holiday Comedy, Holiday Romance, Romantic Comedy, Comedy, Drama, Fantasy, Romance"
The Iron Giant,Brad Bird,"Tim McCanlies, Brad Bird, Ted Hughes","Eli Marienthal, Harry Connick Jr., Jennifer Aniston","Alien Invasion, Artificial Intelligence, Hand-Drawn Animation, Kaiju, Space Sci-Fi, Action, Adventure, Animation, Comedy, Drama"
Amores Perros,Alejandro G. Iñárritu,Guillermo Arriaga,"Emilio Echevarría, Gael García Bernal, Goya Toledo","Tragedy, Drama, Thriller"
Rebecca,Alfred Hitchcock,"Daphne Du Maurier, Robert E. Sherwood, Joan Harrison","Laurence Olivier, Joan Fontaine, George Sanders","Dark Romance, Psychological Thriller, Drama, Mystery, Romance, Thriller"
The Help,Tate Taylor,"Tate Taylor, Kathryn Stockett","Viola Davis, Emma Stone, Octavia Spencer","Period Drama, Drama"
Cool Hand Luke,Stuart Rosenberg,"Donn Pearce, Frank Pierson, Hal Dresner","Paul Newman, George Kennedy, Strother Martin","Prison Drama, Tragedy, Crime, Drama"
It Happened One Night,Frank Capra,"Robert Riskin, Samuel Hopkins Adams","Clark Gable, Claudette Colbert, Walter Connolly","Road Trip, Romantic Comedy, Screwball Comedy, Comedy, Romance"
"Paris, Texas",Wim Wenders,"L.M. Kit Carson, Sam Shepard, Walter Donohue","Harry Dean Stanton, Nastassja Kinski, Dean Stockwell","Road Trip, Drama"
Autumn Sonata,Ingmar Bergman,Ingmar Bergman,"Ingrid Bergman, Liv Ullmann, Lena Nyman","Tragedy, Drama, Music"
Andhadhun,Sriram Raghavan,"Arijit Biswas, Yogesh Chandekar, Sriram Raghavan","Tabu, Ayushmann Khurrana, Radhika Apte","Crime, Mystery, Thriller"